DATE,loan_growth,chargeoff_rate,gdp_growth,unemployment_rate,loan_growth_lag1,chargeoff_lag1
1986-03-31,1.2423378537500085,1.46,0.9294151553612906,7.033333333333334,0.9549414239704568,1.45
1986-06-30,1.1928320513981738,1.47,0.44928555450756136,7.166666666666667,1.2423378537500085,1.46
1986-09-30,1.216398580124256,1.56,0.9521209453502877,6.966666666666666,1.1928320513981738,1.47
1986-12-31,4.120364386133701,1.48,0.5349594167116223,6.833333333333333,1.216398580124256,1.56
1987-03-31,1.634092525028219,1.27,0.7391067993541611,6.599999999999999,4.120364386133701,1.48
1987-06-30,1.1531345856757191,1.2,1.0724067520746061,6.266666666666667,1.634092525028219,1.27
1987-09-30,1.184175126886533,1.11,0.86343963330755,6.0,1.1531345856757191,1.2
1987-12-31,0.7234118226462805,1.15,1.702383733255708,5.833333333333333,1.184175126886533,1.11
1988-03-31,1.059855516990904,1.18,0.5155512880753221,5.7,0.7234118226462805,1.15
1988-06-30,3.0573372517121555,1.35,1.3054737675524564,5.466666666666666,1.059855516990904,1.18
1988-09-30,1.067526904610272,1.04,0.5842595204775591,5.466666666666666,3.0573372517121555,1.35
1988-12-31,1.589522329194537,0.94,1.3236569374035057,5.333333333333333,1.067526904610272,1.04
1989-03-31,1.8891474260935404,0.92,1.0112643926211362,5.2,1.589522329194537,0.94
1989-06-30,1.26210317689619,0.89,0.7602027800347244,5.233333333333333,1.8891474260935404,0.92
1989-09-30,2.032181028409674,0.91,0.7380056517089173,5.233333333333333,1.26210317689619,0.89
1989-12-31,0.143909022395583,1.41,0.19678730209609085,5.366666666666667,2.032181028409674,0.91
1990-03-31,0.046826935369903566,1.41,1.0869532462091769,5.3,0.143909022395583,1.41
1990-06-30,0.48777527177863433,1.43,0.3623128836839129,5.333333333333333,0.046826935369903566,1.41
1990-09-30,-0.31160291485292646,1.28,0.06655952356169337,5.7,0.48777527177863433,1.43
1990-12-31,0.4150630569839997,1.3,-0.9145740648071055,6.133333333333333,-0.31160291485292646,1.28
1991-03-31,-1.0662718147302463,1.48,-0.4690389148507279,6.6000000000000005,0.4150630569839997,1.3
1991-06-30,-1.444183021688783,1.86,0.7766651894062448,6.833333333333333,-1.0662718147302463,1.48
1991-09-30,-0.9008994059183983,1.97,0.5040860353405563,6.866666666666667,-1.444183021688783,1.86
1991-12-31,-0.2678379737254488,1.83,0.34793883481079035,7.1000000000000005,-0.9008994059183983,1.97
1992-03-31,-1.8745594498745355,1.95,1.1901418421425447,7.366666666666667,-0.2678379737254488,1.83
1992-06-30,-1.0952270362887262,1.32,1.07846685927111,7.6000000000000005,-1.8745594498745355,1.95
1992-09-30,-0.38906787573500523,1.43,0.9832602998745443,7.633333333333333,-1.0952270362887262,1.32
1992-12-31,-0.24686375755731405,1.03,1.037455372331486,7.366666666666667,-0.38906787573500523,1.43
1993-03-31,-0.9458749458167048,0.94,0.1668045262061213,7.133333333333333,-0.24686375755731405,1.03
1993-06-30,-0.23555513544843976,0.85,0.5804828773424475,7.066666666666666,-0.9458749458167048,0.94
1993-09-30,-0.7577250500060195,0.68,0.47602004747613336,6.8,-0.23555513544843976,0.85
1993-12-31,-0.2503230818668989,0.56,1.3509823020076084,6.633333333333333,-0.7577250500060195,0.68
1994-03-31,1.8317898691726953,0.3,0.9656852032588148,6.566666666666666,-0.2503230818668989,0.56
1994-06-30,2.312128280397463,0.31,1.3460821575336013,6.2,1.8317898691726953,0.3
1994-09-30,2.650733076799483,0.19,0.5828824899406726,6.0,2.312128280397463,0.31
1994-12-31,2.9844770859165592,0.24,1.1390581866788096,5.633333333333333,2.650733076799483,0.19
1995-03-31,4.480241655875528,0.17,0.35415264608129604,5.466666666666666,2.9844770859165592,0.24
1995-06-30,2.476198968322141,0.12,0.2978787465089283,5.666666666666667,4.480241655875528,0.17
1995-09-30,2.269704491635949,0.33,0.8471272260706542,5.666666666666667,2.476198968322141,0.12
1995-12-31,1.2481284469172849,0.27,0.6767866746930196,5.566666666666666,2.269704491635949,0.33
1996-03-31,1.6763330953156519,0.31,0.7462586731000087,5.533333333333334,1.2481284469172849,0.27
1996-06-30,1.9225738167082618,0.28,1.6541866808907457,5.5,1.6763330953156519,0.31
1996-09-30,2.3358124592680163,0.23,0.8930342932712776,5.266666666666667,1.9225738167082618,0.28
1996-12-31,2.560901559241646,0.2,1.0330155049368628,5.333333333333333,2.3358124592680163,0.23
1997-03-31,2.1438842763521038,0.21,0.6433691338076031,5.233333333333333,2.560901559241646,0.2
1997-06-30,2.2403301614977167,0.23,1.6515051002674142,5.0,2.1438842763521038,0.21
1997-09-30,2.0597007037362225,0.35,1.2408386319378906,4.866666666666667,2.2403301614977167,0.23
1997-12-31,1.7324965688314542,0.27,0.8502355049371246,4.666666666666667,2.0597007037362225,0.35
1998-03-31,2.4510473862325632,0.34,0.9987489886350787,4.633333333333333,1.7324965688314542,0.27
1998-06-30,2.885929046254887,0.35,0.9214296481921735,4.3999999999999995,2.4510473862325632,0.34
1998-09-30,2.4036790895603843,0.41,1.251081507693641,4.533333333333333,2.885929046254887,0.35
1998-12-31,2.804321633903051,0.44,1.5963862490524505,4.433333333333334,2.4036790895603843,0.41
1999-03-31,0.5783681913343663,0.51,0.9350485127447072,4.3,2.804321633903051,0.44
1999-06-30,0.5877615626800115,0.54,0.8312781849570072,4.266666666666667,0.5783681913343663,0.51
1999-09-30,2.683949516980899,0.56,1.3171703285781433,4.233333333333333,0.5877615626800115,0.54
1999-12-31,2.528412183271822,0.57,1.6273535671066597,4.066666666666666,2.683949516980899,0.56
2000-03-31,2.528079034590114,0.61,0.3621369008051545,4.033333333333333,2.528412183271822,0.57
2000-06-30,3.4963654689104118,0.7,1.8049010344979521,3.9333333333333336,2.528079034590114,0.61
2000-09-30,0.9898089144861011,0.74,0.10188067037173454,4.0,3.4963654689104118,0.7
2000-12-31,1.0720018991078106,0.92,0.5952635784890248,3.9,0.9898089144861011,0.74
2001-03-31,0.6706579222176323,1.06,-0.3283372449143229,4.233333333333333,1.0720018991078106,0.92
2001-06-30,-1.874766222255353,1.24,0.6225609914771724,4.3999999999999995,0.6706579222176323,1.06
2001-09-30,-1.1621766224150676,1.43,-0.4014439041817752,4.833333333333333,-1.874766222255353,1.24
2001-12-31,-3.6483897823891276,1.78,0.2743986302357726,5.5,-1.1621766224150676,1.43
2002-03-31,-0.9353121380442531,1.74,0.8328805568895703,5.7,-3.6483897823891276,1.78
2002-06-30,-2.822077940033463,1.89,0.6108371693470005,5.833333333333333,-0.9353121380442531,1.74
2002-09-30,-1.7916722331165147,2.24,0.40568740473787557,5.733333333333333,-2.822077940033463,1.89
2002-12-31,-0.9005748003710679,1.32,0.1235287243973815,5.866666666666667,-1.7916722331165147,2.24
2003-03-31,-2.1122155747681504,1.65,0.5252600765849991,5.866666666666667,-0.9005748003710679,1.32
2003-06-30,-2.213960109800528,1.41,0.8817230452867975,6.133333333333333,-2.1122155747681504,1.65
2003-09-30,-1.9002157534216302,1.29,1.6495202585943503,6.133333333333333,-2.213960109800528,1.41
2003-12-31,-1.8266490905443078,0.83,1.1540367047402356,5.833333333333333,-1.9002157534216302,1.29
2004-03-31,-1.613193507612376,0.8,0.565052023890189,5.7,-1.8266490905443078,0.83
2004-06-30,-0.05392969644901768,0.58,0.7719649918941585,5.599999999999999,-1.613193507612376,0.8
2004-09-30,2.0153288660871738,0.45,0.9441229885171154,5.433333333333334,-0.05392969644901768,0.58
2004-12-31,2.206365936978827,0.39,1.0150391321133156,5.433333333333334,2.0153288660871738,0.45
2005-03-31,4.248446152087926,0.26,1.1032550529236573,5.3,2.206365936978827,0.39
2005-06-30,3.0347552852884263,0.24,0.49141503086236327,5.1000000000000005,4.248446152087926,0.26
2005-09-30,2.6066847798907666,0.21,0.7807581701131383,4.966666666666667,3.0347552852884263,0.24
2005-12-31,3.4915620005674164,0.31,0.5539792372076136,4.966666666666667,2.6066847798907666,0.21
2006-03-31,3.067952441233235,0.21,1.3364138447713003,4.733333333333333,3.4915620005674164,0.31
2006-06-30,4.5917500825005675,0.27,0.25841857488995146,4.633333333333333,3.067952441233235,0.21
2006-09-30,2.8252559876597694,0.3,0.14984360400802643,4.633333333333334,4.5917500825005675,0.27
2006-12-31,2.7364473358662877,0.34,0.8557775565416037,4.433333333333334,2.8252559876597694,0.3
2007-03-31,2.7396264172934615,0.37,0.3003840617131104,4.5,2.7364473358662877,0.34
2007-06-30,3.894656854451295,0.42,0.6098982914680917,4.5,2.7396264172934615,0.37
2007-09-30,6.558565456933696,0.46,0.5743731109307149,4.666666666666667,3.894656854451295,0.42
2007-12-31,4.944290964399833,0.65,0.6262715512194816,4.8,6.558565456933696,0.46
2008-03-31,3.6399587236814135,0.71,-0.42767755900321447,5.0,4.944290964399833,0.65
2008-06-30,1.8677658897470195,0.84,0.5936625931315831,5.333333333333333,3.6399587236814135,0.71
2008-09-30,2.119793988129448,1.03,-0.5266423802783748,6.0,1.8677658897470195,0.84
2008-12-31,1.8636745502658592,1.27,-2.2133412739485436,6.866666666666667,2.119793988129448,1.03
2009-03-31,-3.1388932791502455,1.94,-1.1413631359902254,8.266666666666667,1.8636745502658592,1.27
2009-06-30,-5.067950975735158,2.43,-0.178810721762801,9.299999999999999,-3.1388932791502455,1.94
2009-09-30,-7.1420479651642665,2.57,0.3505771547139602,9.633333333333333,-5.067950975735158,2.43
2009-12-31,-5.5150136857209375,2.27,1.0751135379244658,9.933333333333334,-7.1420479651642665,2.57
2010-03-31,-4.51221043259844,2.1,0.483331022067901,9.833333333333334,-5.5150136857209375,2.27
2010-06-30,-1.6329936485353969,1.85,0.9629349822608546,9.633333333333333,-4.51221043259844,2.1
2010-09-30,-0.3721242271264025,1.71,0.7681272705003295,9.466666666666667,-1.6329936485353969,1.85
2010-12-31,0.5864139472868679,1.29,0.523736364445071,9.5,-0.3721242271264025,1.71
2011-03-31,1.1454133361337604,1.17,-0.23748667360496967,9.033333333333333,0.5864139472868679,1.29
2011-06-30,2.228130818210605,0.87,0.6743037468666557,9.066666666666666,1.1454133361337604,1.17
2011-09-30,2.8745157687589895,0.74,-0.0223152255784953,9.0,2.228130818210605,0.87
2011-12-31,2.676503007734876,0.68,1.1167896811464573,8.633333333333333,2.8745157687589895,0.74
2012-03-31,3.5002522783529777,0.57,0.8350941818790147,8.266666666666667,2.676503007734876,0.68
2012-06-30,3.4554431351493164,0.55,0.4453416266322563,8.2,3.5002522783529777,0.57
2012-09-30,2.5675136562480105,0.48,0.14392437648620415,8.033333333333333,3.4554431351493164,0.55
2012-12-31,2.7680904111508475,0.35,0.11557374157504796,7.8,2.5675136562480105,0.48
2013-03-31,1.6542851618131849,0.36,0.9817259265515688,7.733333333333333,2.7680904111508475,0.35
2013-06-30,1.4939745667755133,0.31,0.26727882651371715,7.533333333333334,1.6542851618131849,0.36
2013-09-30,1.192303894725022,0.27,0.8477896552497199,7.233333333333333,1.4939745667755133,0.31
2013-12-31,2.2044706185645246,0.25,0.8679640238263175,6.933333333333334,1.192303894725022,0.27
2014-03-31,3.6783498803714565,0.23,-0.34569281496601434,6.666666666666667,2.2044706185645246,0.25
2014-06-30,2.6276495800678923,0.21,1.2835690229149321,6.2,3.6783498803714565,0.23
2014-09-30,2.876332508720303,0.2,1.2080648325781596,6.066666666666666,2.6276495800678923,0.21
2014-12-31,2.712031222700606,0.22,0.5044586015433339,5.7,2.876332508720303,0.2
2015-03-31,3.34261301293024,0.17,0.8964547876924911,5.533333333333334,2.712031222700606,0.22
2015-06-30,2.515493919409728,0.21,0.6174946582536478,5.433333333333334,3.34261301293024,0.17
2015-09-30,1.8544843173236458,0.25,0.39944621156902116,5.1000000000000005,2.515493919409728,0.21
2015-12-31,1.9391590019670168,0.31,0.18430917271050618,5.033333333333333,1.8544843173236458,0.25
2016-03-31,3.2629414282459024,0.44,0.5778466518471248,4.8999999999999995,1.9391590019670168,0.31
2016-06-30,1.6301045211140064,0.44,0.32060956626729364,4.933333333333334,3.2629414282459024,0.44
2016-09-30,0.9480163568193589,0.45,0.7068859191104337,4.8999999999999995,1.6301045211140064,0.44
2016-12-31,0.6415877649362578,0.41,0.5527685286210726,4.766666666666667,0.9480163568193589,0.45
2017-03-31,-0.9065017529811037,0.34,0.48570873310360696,4.566666666666666,0.6415877649362578,0.41
2017-06-30,0.39040055694483655,0.37,0.5583111012978037,4.366666666666667,-0.9065017529811037,0.34
2017-09-30,1.4363409114151793,0.34,0.785431525684821,4.333333333333333,0.39040055694483655,0.37
2017-12-31,0.11654217004188894,0.36,1.1207427769393874,4.166666666666667,1.4363409114151793,0.34
2018-03-31,0.8451579634724204,0.3,0.8101194549169577,4.033333333333333,0.11654217004188894,0.36
2018-06-30,3.1477516122824234,0.27,0.5294212303768475,3.9333333333333336,0.8451579634724204,0.3
2018-09-30,1.5740209715439768,0.26,0.621760482522582,3.766666666666667,3.1477516122824234,0.27
2018-12-31,3.434144920576987,0.27,0.14154399831838305,3.8333333333333335,1.5740209715439768,0.26
2019-03-31,1.4599592741911138,0.3,0.6223772907267389,3.8666666666666667,3.434144920576987,0.27
2019-06-30,0.052776796269071724,0.31,0.8316777932895647,3.6333333333333333,1.4599592741911138,0.3
2019-09-30,1.3452364153747176,0.44,1.1632102580909631,3.6,0.052776796269071724,0.31
2019-12-31,-0.5430081481864413,0.36,0.6795635968053659,3.6,1.3452364153747176,0.44
2020-03-31,8.404309764194107,0.56,-1.3250619707966038,3.8333333333333335,-0.5430081481864413,0.36
2020-06-30,13.170765537804474,0.59,-8.204320604026982,13.0,8.404309764194107,0.56
2020-09-30,-5.816860884666841,0.51,7.4757496362447995,8.799999999999999,13.170765537804474,0.59
2020-12-31,-6.332858323188795,0.41,1.127138965704333,6.766666666666667,-5.816860884666841,0.51
2021-03-31,-0.14855322325812992,0.29,1.386164653473898,6.233333333333333,-6.332858323188795,0.41
2021-06-30,-4.294658802726126,0.21,1.6875713541763204,5.933333333333334,-0.14855322325812992,0.29
2021-09-30,-2.507742851852157,0.16,0.8216679141918704,5.066666666666666,-4.294658802726126,0.21
2021-12-31,2.3113586331813707,0.12,1.701202308971439,4.166666666666667,-2.507742851852157,0.16
2022-03-31,2.6233076889432994,0.12,-0.2551237912953752,3.8666666666666667,2.3113586331813707,0.12
2022-06-30,4.954787462843058,0.14,0.1564245950852694,3.6333333333333333,2.6233076889432994,0.12
2022-09-30,2.949853549397563,0.16,0.719306332529257,3.533333333333333,4.954787462843058,0.14
2022-12-31,1.8126656942198949,0.23,0.6878691350323152,3.5666666666666664,2.949853549397563,0.16
2023-03-31,-0.008695835702710042,0.28,0.7212436699248315,3.533333333333333,1.8126656942198949,0.23
2023-06-30,-1.5040362572646515,0.31,0.6259090548015322,3.533333333333333,-0.008695835702710042,0.28
2023-09-30,0.1726010269328171,0.39,1.1470027396091709,3.6333333333333333,-1.5040362572646515,0.31
2023-12-31,-0.006853406045870258,0.41,0.8405149026469161,3.8000000000000003,0.1726010269328171,0.39
2024-03-31,-0.3341110466724473,0.44,0.20964144146446984,3.8333333333333335,-0.006853406045870258,0.41
2024-06-30,0.5120856598451518,0.48,0.8815888542736516,3.9666666666666663,-0.3341110466724473,0.44
2024-09-30,0.44753537300934454,0.55,0.8213953149049047,4.166666666666667,0.5120856598451518,0.48
2024-12-31,-0.4421874660799574,0.5,0.45882049283303417,4.133333333333333,0.44753537300934454,0.55
2025-03-31,-3.321437617727252,0.56,-0.16264860564216832,4.133333333333334,-0.4421874660799574,0.5
2025-06-30,0.3734293248885301,0.58,0.9415531607956495,4.2,-3.321437617727252,0.56
